,City,Latitude,Longitude,Temp,Humidity,Cloudiness,Wind Speed,Country,Date
0,Bredasdorp,-34.5322,20.0403,13.49,69,62,2.45,ZA,1635013379
1,Nuuk,64.1835,-51.7216,-1.66,54,75,4.63,GL,1635013020
2,Isangel,-19.55,169.2667,23.68,84,80,4.93,VU,1635013380
3,Port Alfred,-33.5906,26.891,16.3,72,15,13.53,ZA,1635013380
4,Kapaa,22.0752,-159.319,24.36,87,75,0.45,US,1635013380
5,Saldanha,-33.0117,17.9442,15.03,72,38,2.74,ZA,1635013381
6,Albany,42.6001,-73.9662,10.99,59,63,0.45,US,1635013217
7,Rikitea,-23.1203,-134.9692,23.76,81,49,9.18,PF,1635013381
8,Mitsamiouli,-11.3847,43.2844,26.16,73,20,4.12,KM,1635013382
9,Chokurdakh,70.6333,147.9167,-19.66,98,100,2.65,RU,1635013382
10,Plettenberg Bay,-34.0527,23.3716,14.21,79,44,5.62,ZA,1635013383
11,Carnarvon,-24.8667,113.6333,20.04,73,0,5.14,AU,1635013380
12,Sal Rei,16.1833,-22.9167,28.11,65,0,8.23,CV,1635013383
13,Castro,-24.7911,-50.0119,24.97,48,84,4.63,BR,1635013383
14,Macas,-2.3167,-78.1167,27.86,65,40,2.06,EC,1635013384
15,Bluff,-46.6,168.3333,11.1,90,100,1.51,NZ,1635013364
16,Lompoc,34.6391,-120.4579,17.95,61,1,5.14,US,1635013384
17,Saint George,37.1041,-113.5841,21.7,24,1,0.45,US,1635013367
18,Buraidah,26.326,43.975,28.25,15,0,3.67,SA,1635013385
19,Asău,46.4333,26.4,7.76,63,22,1.82,RO,1635013385
20,Jimma,7.6667,36.8333,15.31,74,97,0.47,ET,1635013385
21,Longyearbyen,78.2186,15.6401,-6.09,79,75,2.06,SJ,1635013386
22,Te Anau,-45.4167,167.7167,9.7,95,100,0.13,NZ,1635013365
23,Bethel,41.3712,-73.414,14.01,59,1,3.6,US,1635013386
24,Torbay,47.6666,-52.7314,16.76,92,75,7.72,CA,1635013386
25,Teya,60.3778,92.6267,1.2,92,100,6.24,RU,1635013387
26,Philadelphia,39.9523,-75.1638,16.8,63,75,1.79,US,1635013258
27,Springdale,36.1867,-94.1288,23.88,69,75,5.36,US,1635013345
28,Saskylakh,71.9167,114.0833,-13.99,95,100,7.31,RU,1635013331
29,Severo-Kuril'sk,50.6789,156.125,4.01,80,73,4.33,RU,1635013387
30,Port Augusta,-32.5,137.7667,5.95,70,2,4.07,AU,1635013388
31,Vaini,-21.2,-175.2,22.09,83,75,5.14,TO,1635013388
32,Niigata,37.9022,139.0236,8.84,65,98,4.47,JP,1635013100
33,Clyde River,70.4692,-68.5914,-4.67,78,97,7.71,CA,1635013388
34,Faanui,-16.4833,-151.75,25.54,73,97,1.26,PF,1635013389
35,Cape Town,-33.9258,18.4232,15.96,64,55,0.89,ZA,1635012793
36,Vila Velha,-20.3297,-40.2925,26.97,69,40,6.69,BR,1635013124
37,Coahuayana Viejo,18.7333,-103.6833,30.71,61,98,1.55,MX,1635013389
38,Mataura,-46.1927,168.8643,9.4,97,100,0.13,NZ,1635013390
39,Hobart,-42.8794,147.3294,9.53,92,90,0.89,AU,1635013318
40,Butaritari,3.0707,172.7902,27.22,73,100,3.07,KI,1635013390
41,San Patricio,28.017,-97.5169,28.62,51,70,5.35,US,1635013358
42,Banjar,-8.19,114.9675,25.51,88,88,2.57,ID,1635013390
43,Punta Arenas,-53.15,-70.9167,6.06,65,40,18.52,CL,1635013391
44,Ketchikan,55.3422,-131.6461,6.26,87,90,4.63,US,1635013391
45,Hamilton,39.1834,-84.5333,15.1,65,40,0.45,US,1635013310
46,Hervey Bay,-25.2986,152.8535,23.91,89,9,7.29,AU,1635013391
47,Raudeberg,61.9875,5.1352,7.15,72,100,3.58,NO,1635013392
48,Lázaro Cárdenas,17.9583,-102.2,28.34,74,98,0.91,MX,1635013392
49,Sheksna,59.21,38.5107,4.98,89,96,2.77,RU,1635013392
50,Grand Gaube,-20.0064,57.6608,24.1,74,3,1.34,MU,1635013393
51,Tasiilaq,65.6145,-37.6368,1.09,91,100,1.59,GL,1635013393
52,Qaanaaq,77.484,-69.3632,-18.59,57,0,3.55,GL,1635013393
53,Hermanus,-34.4187,19.2345,13.78,70,55,3.29,ZA,1635013394
54,College,64.8569,-147.8028,-4.31,89,75,0.0,US,1635013110
55,Socorro,31.6546,-106.3033,26.23,20,1,5.66,US,1635013394
56,Touros,-5.1989,-35.4608,30.5,58,20,5.7,BR,1635013395
57,Nelson Bay,-32.7167,152.15,16.94,98,37,0.45,AU,1635013395
58,Norman Wells,65.282,-126.8329,4.02,70,20,2.57,CA,1635013395
59,New Norfolk,-42.7826,147.0587,8.97,82,100,3.13,AU,1635013344
60,Wuda,39.4994,106.7117,8.51,49,0,1.33,CN,1635013396
61,Opochka,56.7105,28.6617,3.35,96,100,5.14,RU,1635013213
62,Havelock,34.8791,-76.9013,23.86,68,13,2.68,US,1635013396
63,Narsaq,60.9167,-46.05,3.12,75,94,1.26,GL,1635013396
64,Busselton,-33.65,115.3333,9.47,80,36,2.78,AU,1635013294
65,Tuktoyaktuk,69.4541,-133.0374,-2.0,93,75,4.12,CA,1635013397
66,Nadym,65.5333,72.5167,0.73,98,100,4.03,RU,1635013397
67,Nikolskoye,59.7035,30.7861,2.76,86,100,4.26,RU,1635013397
68,Murdochville,48.9583,-65.5006,4.49,94,100,1.51,CA,1635013398
69,Guntakal,15.1667,77.3833,22.66,90,100,3.9,IN,1635013398
70,Khatanga,71.9667,102.5,-12.05,92,100,7.78,RU,1635013399
71,Saint Paul Harbor,57.79,-152.4072,6.73,76,90,5.14,US,1635013399
72,Manta,-0.95,-80.7333,26.88,74,90,3.6,EC,1635013399
73,Constitución,-35.3333,-72.4167,15.42,55,9,8.43,CL,1635013400
74,Hithadhoo,-0.6,73.0833,27.96,74,94,5.42,MV,1635013400
75,Avarua,-21.2078,-159.775,23.03,60,75,3.09,CK,1635013366
76,Ossora,59.2353,163.0719,-5.0,93,100,2.49,RU,1635013400
77,Yar-Sale,66.8333,70.8333,-0.23,91,100,3.87,RU,1635013401
78,Pevek,69.7008,170.3133,-11.66,95,100,2.16,RU,1635013401
79,Altay,47.8667,88.1167,-2.74,67,73,2.76,CN,1635013401
80,Ponta do Sol,32.6667,-17.1,22.1,65,21,1.33,PT,1635013402
81,Atuona,-9.8,-139.0333,25.64,77,16,7.73,PF,1635013402
82,Ahlat,38.7518,42.4814,9.61,27,0,1.47,TR,1635013402
83,Rosarito,32.3333,-117.0333,17.57,72,100,4.14,MX,1635013403
84,Saint-Philippe,-21.3585,55.7679,23.17,81,81,5.28,RE,1635013403
85,Ushuaia,-54.8,-68.3,3.81,87,75,10.8,AR,1635013113
86,Barrow,71.2906,-156.7887,-0.99,80,90,7.2,US,1635013382
87,Bhuj,23.2667,69.6667,25.85,67,37,5.56,IN,1635013404
88,Paamiut,61.994,-49.6678,0.14,50,26,10.64,GL,1635013404
89,Soe,-9.8607,124.284,19.46,86,75,1.53,ID,1635013404
90,Koson,39.0375,65.585,7.18,35,4,3.54,UZ,1635013405
91,Beira,-19.8436,34.8389,25.09,81,1,5.05,MZ,1635013405
92,Guerrero Negro,27.9769,-114.0611,21.54,62,5,7.04,MX,1635013405
93,Polunochnoye,60.8697,60.4153,3.13,82,70,6.06,RU,1635013406
94,Leningradskiy,69.3833,178.4167,-13.23,88,100,3.43,RU,1635013406
95,La Tuque,47.4334,-72.7824,5.14,60,100,2.06,CA,1635013406
96,Sheopur,25.6667,76.7,21.84,60,0,2.48,IN,1635013407
97,Berlevåg,70.8578,29.0864,1.57,67,100,7.59,NO,1635013407
98,Baruun-Urt,46.6806,113.2792,1.72,43,83,3.52,MN,1635013407
99,Mount Isa,-20.7333,139.5,21.87,68,86,1.03,AU,1635013408
100,Ostrovnoy,68.0531,39.5131,-1.53,87,100,7.58,RU,1635013408
101,‘Ewa Beach,21.3156,-158.0072,26.24,66,1,3.09,US,1635013408
102,Vilhena,-12.7406,-60.1458,31.12,55,40,6.17,BR,1635013409
103,Pacific Grove,36.6177,-121.9166,15.53,81,40,0.89,US,1635013409
104,Kashgar,39.4547,75.9797,7.56,23,0,5.0,CN,1635013409
105,Westport,41.1415,-73.3579,14.57,58,75,0.45,US,1635013410
106,Twentynine Palms,34.1356,-116.0542,21.73,46,78,0.45,US,1635013410
107,Ponta Delgada,37.7333,-25.6667,21.4,73,20,4.63,PT,1635013410
108,Zhalantun,48.0,122.7167,3.74,58,0,1.82,CN,1635013411
109,Yenagoa,4.9247,6.2642,22.94,97,100,1.32,NG,1635013411
110,Tiksi,71.6872,128.8694,-18.36,100,97,2.23,RU,1635013412
111,Oranjemund,-28.55,16.4333,14.89,78,6,6.09,NA,1635013412
112,Upernavik,72.7868,-56.1549,-7.1,84,78,2.39,GL,1635013412
113,La Ronge,55.1001,-105.2842,2.14,75,90,6.69,CA,1635013412
114,Trelew,-43.249,-65.3051,18.89,10,4,5.99,AR,1635013384
115,Airai,-8.9266,125.4092,16.38,86,55,0.88,TL,1635013413
116,Tuatapere,-46.1333,167.6833,10.31,97,100,0.57,NZ,1635013400
117,Jieshi,22.8134,115.8257,19.41,76,91,3.91,CN,1635013413
118,Laguna,38.421,-121.4238,16.13,75,75,1.34,US,1635013413
119,Cidreira,-30.1811,-50.2056,20.72,84,92,4.69,BR,1635013414
120,Umluj,25.0213,37.2685,26.39,68,0,5.31,SA,1635013414
121,Kieta,-6.2167,155.6333,25.72,80,14,1.37,PG,1635013414
122,Bengkulu,-3.8004,102.2655,24.51,90,66,1.67,ID,1635013396
123,Benton Harbor,42.1167,-86.4542,11.12,56,90,5.14,US,1635013415
124,Port Hawkesbury,45.6169,-61.3485,17.1,95,90,1.79,CA,1635013415
125,Puerto Escondido,15.85,-97.0667,26.46,69,75,2.06,MX,1635013416
126,Nizhnekamsk,55.6366,51.8245,6.44,65,0,4.0,RU,1635013416
127,Puerto Ayora,-0.7393,-90.3518,25.98,80,94,4.47,EC,1635013353
128,Ząbkowice Śląskie,50.5897,16.8124,4.47,84,33,3.03,PL,1635013416
129,Puyang,29.4603,119.8861,13.85,94,100,0.92,CN,1635013417
130,Nikolayevsk-on-Amur,53.1406,140.73,-1.65,96,37,2.12,RU,1635013417
131,Tha Bo,17.85,102.5814,22.57,87,93,1.27,TH,1635013417
132,Hilo,19.7297,-155.09,22.13,96,90,2.57,US,1635013418
133,Jamestown,42.097,-79.2353,8.5,86,90,0.45,US,1635013418
134,Taman',45.2117,36.7161,15.18,88,100,4.46,RU,1635013418
135,Poum,-20.2333,164.0167,23.09,81,4,6.33,NC,1635013419
136,Cairns,-16.9167,145.7667,22.63,93,21,0.0,AU,1635013419
137,Kaeo,-35.1,173.7833,16.85,98,100,6.45,NZ,1635013419
138,Saint-Pierre,-21.3393,55.4781,23.31,85,0,1.54,RE,1635013419
139,Ventspils,57.3894,21.5606,4.96,87,75,5.14,LV,1635013237
140,São Félix do Xingu,-6.6447,-51.995,30.79,59,100,1.81,BR,1635013420
141,Saurimo,-9.6608,20.3916,19.9,89,59,1.96,AO,1635013420
142,Abū Zabad,12.35,29.25,31.07,34,52,2.13,SD,1635013420
143,Paita,-5.0892,-81.1144,24.31,72,99,5.85,PE,1635013421
144,Palmer,42.1584,-72.3287,13.43,52,20,0.89,US,1635013421
145,Torphins,57.1056,-2.624,11.58,70,100,6.33,GB,1635013422
146,Karratha,-20.7377,116.8463,26.83,41,68,4.01,AU,1635013422
147,Tanabi,-20.6264,-49.6492,35.12,28,0,5.44,BR,1635013422
148,Corrente,-3.7367,-43.3394,29.42,64,100,1.63,BR,1635013422
149,Bathsheba,13.2167,-59.5167,31.34,62,20,9.26,BB,1635013423
150,Dingle,10.9995,122.6711,23.91,94,100,2.42,PH,1635013423
151,Novikovo,51.1537,37.8879,7.88,57,11,4.76,RU,1635013423
152,Ambilobe,-13.2,49.05,24.97,83,31,0.94,MG,1635013424
153,Kuril'sk,45.2333,147.8833,6.93,66,65,6.11,RU,1635013424
154,Yellowknife,62.456,-114.3525,5.71,83,40,8.23,CA,1635013424
155,Zaragoza,41.6561,-0.8773,15.4,46,0,0.89,ES,1635013381
156,Santarém,-2.4431,-54.7083,27.07,89,75,1.54,BR,1635013425
157,Lebu,-37.6167,-73.65,12.69,67,76,4.24,CL,1635013425
158,Port Lincoln,-34.7333,135.8667,11.78,78,4,4.48,AU,1635013425
159,Formosa,-26.1775,-58.1781,22.99,78,75,9.26,AR,1635013266
160,Izvestkovyy,48.9833,131.55,1.2,89,2,1.55,RU,1635013426
161,Puerto Ayacucho,5.6639,-67.6236,32.25,58,48,1.14,VE,1635013426
162,Tautira,-17.7333,-149.15,26.01,87,100,7.85,PF,1635013426
163,Bilma,18.6853,12.9164,30.63,13,9,3.94,NE,1635013180
164,Mossamedes,-15.1961,12.1522,19.8,66,43,6.47,AO,1635013427
165,Yumen,40.2833,97.2,5.97,39,86,2.97,CN,1635013427
166,Iqaluit,63.7506,-68.5145,1.5,69,40,4.02,CA,1635013428
167,Kalmunai,7.4167,81.8167,26.29,81,48,2.33,LK,1635013428
168,George Town,5.4112,100.3354,26.68,88,40,1.54,MY,1635013428
169,Viedma,-40.8135,-62.9967,16.61,27,34,8.87,AR,1635013429
170,Hay River,60.8156,-115.7999,6.99,65,75,6.17,CA,1635013429
171,Port Elizabeth,-33.918,25.5701,16.16,67,0,9.77,ZA,1635013429
172,Saint-Joseph,-21.3667,55.6167,22.67,81,78,2.82,RE,1635013430
173,Talnakh,69.4865,88.3972,-5.42,96,100,3.05,RU,1635013430
174,Bambuí,-20.0064,-45.9769,32.76,24,0,2.59,BR,1635013430
175,Havøysund,70.9963,24.6622,0.49,58,100,7.1,NO,1635013430
176,Pitangui,-19.6828,-44.8903,31.82,29,21,3.45,BR,1635013431
177,São Filipe,14.8961,-24.4956,26.99,66,1,2.8,CV,1635013431
178,Senneterre,48.3835,-77.2328,4.12,62,59,3.48,CA,1635013432
179,Astara,38.5,48.6667,10.39,83,89,0.42,AZ,1635013432
180,Ţahţā,26.7693,31.5021,25.18,40,3,7.29,EG,1635013432
181,Arraial do Cabo,-22.9661,-42.0278,24.92,73,0,11.32,BR,1635013420
182,Yaan,7.3833,8.5667,23.0,88,99,1.79,NG,1635013433
183,Omaruru,-21.4333,15.9333,21.09,13,0,3.42,NA,1635013433
184,Khargāpur,24.823,79.144,22.32,54,0,1.86,IN,1635013434
185,Uglovoye,44.8215,33.6045,15.32,88,99,0.57,UA,1635013434
186,Ahipara,-35.1667,173.1667,16.22,98,99,1.06,NZ,1635013434
187,Ishinomaki,38.4167,141.3,8.82,72,6,2.9,JP,1635013434
188,Henties Bay,-22.116,14.2845,16.59,82,0,6.67,NA,1635013135
189,Katsuura,35.1333,140.3,12.22,60,1,4.52,JP,1635013435
190,Kragerø,58.8693,9.4149,7.54,68,72,3.24,NO,1635013435
191,Korla,41.7597,86.1469,12.53,36,100,1.99,CN,1635013435
192,Cayenne,4.9333,-52.3333,27.83,84,90,2.24,GF,1635013436
193,Manicoré,-5.8092,-61.3003,36.01,36,66,2.26,BR,1635013436
194,Lüderitz,-26.6481,15.1594,15.6,71,11,9.42,NA,1635013436
195,Emba,48.8264,58.1442,9.4,56,6,4.36,KZ,1635013437
196,Ozernovskiy,51.5,156.5167,4.25,82,100,6.76,RU,1635013437
197,Alofi,-19.0595,-169.9187,22.94,68,32,3.6,NU,1635013437
198,Cizre,37.3272,42.1903,19.56,24,0,4.12,TR,1635013438
199,Beringovskiy,63.05,179.3167,-11.85,80,34,4.7,RU,1635013438
200,Pahrump,36.2083,-115.9839,20.2,42,100,2.24,US,1635013438
201,La Palma,33.8464,-118.0467,17.82,91,75,1.34,US,1635013439
202,Hobyo,5.3505,48.5268,26.63,78,7,5.21,SO,1635013439
203,Thompson,55.7435,-97.8558,1.09,75,90,1.03,CA,1635013390
204,Butterworth,5.3991,100.3638,26.49,88,40,1.54,MY,1635013439
205,Lakshettipet,18.8667,79.2167,21.69,71,75,1.55,IN,1635013440
206,Lagoa,39.05,-27.9833,19.22,71,1,6.06,PT,1635013440
207,Akçaabat,41.0212,39.5715,14.93,88,0,2.57,TR,1635013441
208,Kalianget,-7.05,113.9333,28.11,75,100,3.11,ID,1635013441
209,Riyadh,24.6877,46.7219,27.08,22,16,3.8,SA,1635013169
210,Ribeira Grande,38.5167,-28.7,22.22,60,40,3.6,PT,1635013441
211,‘Āhuimanu,21.4447,-157.8378,25.53,68,20,3.6,US,1635013391
212,Maués,-3.3836,-57.7186,32.13,54,74,0.97,BR,1635013442
213,Ondjiva,-17.0667,15.7333,26.67,17,43,3.31,AO,1635013443
214,Chizhou,30.6578,117.4831,14.23,72,100,0.82,CN,1635013443
215,Antofagasta,-23.65,-70.4,17.6,66,21,4.29,CL,1635013345
216,Salalah,17.0151,54.0924,26.05,69,0,1.54,OM,1635013444
217,Knysna,-34.0363,23.0471,15.21,82,61,4.87,ZA,1635013444
218,Sørland,67.667,12.6934,5.95,51,97,3.52,NO,1635013430
219,Saint-Augustin,51.226,-58.6502,5.24,84,100,7.75,CA,1635013444
220,Nemuro,43.3236,145.575,6.7,71,29,5.05,JP,1635013445
221,Husavik,66.0449,-17.3389,1.95,98,100,2.2,IS,1635013445
222,Nur-Sultan,51.1801,71.446,9.97,76,75,10.0,KZ,1635013446
223,Mahébourg,-20.4081,57.7,23.16,83,40,4.63,MU,1635013446
224,Porto-Novo,6.4965,2.6036,24.33,90,100,3.0,BJ,1635013303
225,Vardø,70.3705,31.1107,0.87,74,99,7.23,NO,1635013446
226,Geraldton,-28.7667,114.6,13.23,88,0,2.57,AU,1635013447
227,Vangaindrano,-23.35,47.6,22.02,95,9,2.35,MG,1635013447
228,Movila Banului,44.9833,26.6833,14.44,76,97,1.9,RO,1635013447
229,Mbour,14.422,-16.9638,30.47,46,59,5.4,SN,1635013448
230,Burns Lake,54.2331,-125.7533,5.68,73,98,1.45,CA,1635013448
231,Whyalla,-33.0333,137.5833,12.94,76,75,5.14,AU,1635013448
232,Ilulissat,69.2167,-51.1,-6.99,79,90,9.77,GL,1635013449
233,Narva-Jõesuu,59.4589,28.0408,4.55,76,100,7.76,EE,1635013449
234,Baghdad,33.3406,44.4009,22.95,28,0,2.57,IQ,1635013436
235,Matagami,49.7502,-77.6328,6.06,61,90,5.66,CA,1635013450
236,Mareeba,-17.0,145.4333,20.78,97,37,1.32,AU,1635013450
237,Ancud,-41.8697,-73.8203,12.74,57,20,4.84,CL,1635013444
238,Quatre Cocos,-20.2078,57.7625,23.94,79,14,4.53,MU,1635013450
239,Methven,-43.6333,171.65,9.45,95,99,1.45,NZ,1635013451
240,Lavrentiya,65.5833,-171.0,-4.31,85,100,4.34,RU,1635013451
241,Azul,-36.777,-59.8585,20.75,32,51,7.73,AR,1635013451
242,Kavieng,-2.5744,150.7967,27.78,78,79,6.72,PG,1635013452
243,Tilichiki,60.4667,166.1,-14.05,88,98,3.93,RU,1635013452
244,Toppenish,46.3774,-120.3087,11.02,83,90,1.86,US,1635013452
245,Marsá Maţrūḩ,31.3525,27.2453,22.11,64,20,2.57,EG,1635013453
246,Atkinson,42.8384,-71.147,13.08,55,1,0.89,US,1635013453
247,Hofn,64.2539,-15.2082,7.35,97,100,3.0,IS,1635013453
248,Kjøpsvik,68.097,16.3742,2.51,80,82,4.25,NO,1635013454
249,Vao,-22.6667,167.4833,22.19,79,78,7.03,NC,1635013454
250,Bud,39.447,-86.1758,12.58,72,51,1.78,US,1635013454
251,Shebalino,51.2917,85.6772,0.37,72,95,4.85,RU,1635013455
252,Adré,13.4667,22.2,29.09,20,16,5.52,TD,1635013455
253,Ayan,56.45,138.1667,4.33,70,78,5.62,RU,1635013455
254,Tessalit,20.1986,1.0114,33.65,13,19,2.4,ML,1635013456
255,Pyinmana,19.7333,96.2167,22.7,95,100,0.44,MM,1635013456
256,Manaure,11.7751,-72.4445,32.73,53,17,8.92,CO,1635013456
257,Deputatsky,69.3,139.9,-21.35,99,93,1.2,RU,1635013457
258,Tataouine,32.9297,10.4518,26.49,63,100,2.87,TN,1635013457
259,Okrika,4.7416,7.0849,24.02,92,95,2.21,NG,1635013457
260,Vallenar,-28.5708,-70.7581,24.15,23,0,3.3,CL,1635013457
261,Vezirköprü,41.1436,35.4547,13.27,53,0,1.19,TR,1635013458
262,Kysyl-Syr,63.8986,122.7617,1.58,98,100,4.14,RU,1635013458
263,Chui,-33.6971,-53.4616,16.42,72,100,2.58,UY,1635013458
264,Mount Gambier,-37.8333,140.7667,7.95,100,90,3.6,AU,1635013459
265,Biaora,23.8667,76.9167,20.43,70,1,2.19,IN,1635013459
266,Pitkyaranta,61.5734,31.4792,2.02,81,100,6.01,RU,1635013459
267,Dikson,73.5069,80.5464,-11.99,87,100,5.21,RU,1635013356
268,Pangody,65.85,74.4859,-0.02,99,100,3.74,RU,1635013460
269,Provideniya,64.3833,-173.3,-4.98,78,100,3.87,RU,1635013427
270,Quelimane,-17.8786,36.8883,25.97,73,0,5.14,MZ,1635013460
271,Listvyanskiy,54.4399,83.4984,5.66,78,100,10.4,RU,1635013461
272,Melenki,55.3343,41.6295,5.11,75,75,4.38,RU,1635013461
273,Grand-Santi,4.25,-54.3833,32.02,53,95,1.16,GF,1635013462
274,Kotel'nich,58.3089,48.348,5.27,83,98,4.01,RU,1635013462
275,Bambous Virieux,-20.3428,57.7575,23.14,83,40,4.63,MU,1635013462
276,Okato,-39.2,173.8833,9.27,90,100,7.0,NZ,1635013463
277,Fare,-16.7,-151.0167,25.28,78,97,3.22,PF,1635013463
278,Omboué,-1.5746,9.2618,24.51,88,88,2.83,GA,1635013463
279,Petropavlovsk-Kamchatskiy,53.0452,158.6483,-1.67,100,75,1.0,RU,1635013464
280,Tianpeng,30.9866,103.9393,15.35,85,100,1.49,CN,1635013464
281,Linxia Chengguanzhen,35.6003,103.2064,7.78,72,32,0.29,CN,1635013464
282,Penza,53.2007,45.0046,10.46,26,100,2.29,RU,1635013465
283,Zonalnaya Stantsiya,56.4269,85.0221,4.95,94,75,9.0,RU,1635013465
284,Bac Lieu,9.285,105.7244,26.73,81,80,3.09,VN,1635013465
285,Beyneu,45.3167,55.2,12.4,24,0,5.54,KZ,1635013466
286,Caarapó,-22.6342,-54.8222,32.93,44,41,7.4,BR,1635013466
287,Vestmannaeyjar,63.4427,-20.2734,8.55,93,75,4.12,IS,1635013466
288,Tigil',57.8,158.6667,-2.06,94,100,3.55,RU,1635013467
289,Hambantota,6.1241,81.1185,26.42,78,28,5.69,LK,1635013467
290,Margate,51.3813,1.3862,11.2,74,88,0.45,GB,1635013467
291,Uzyn,49.8262,30.4149,6.64,55,7,3.43,UA,1635013468
292,Trincomalee,8.5711,81.2335,26.18,84,17,3.53,LK,1635013468
293,Maragogi,-9.0122,-35.2225,28.24,69,75,5.34,BR,1635013383
294,Santa Marinella,42.0345,11.8536,17.41,82,99,2.05,IT,1635013469
295,La Asuncion,11.0333,-63.8628,34.85,52,21,9.77,VE,1635013469
296,Kamenka,51.3223,42.7678,11.69,57,100,6.78,RU,1635013469
297,Kruisfontein,-34.0033,24.7314,14.38,69,6,8.0,ZA,1635013470
298,Jiuquan,39.7432,98.5174,5.44,49,70,1.17,CN,1635013470
299,Storforshei,66.4043,14.5233,-1.3,96,92,1.53,NO,1635013470
300,Karasjok,69.4719,25.5112,-1.94,83,92,2.74,NO,1635013471
301,Omsukchan,62.5333,155.8,-17.96,95,99,1.51,RU,1635013471
302,Kenai,60.5544,-151.2583,4.74,88,90,5.66,US,1635013471
303,Tsiroanomandidy,-18.7667,46.0333,22.94,49,60,1.98,MG,1635013471
304,Upington,-28.4478,21.2561,16.21,51,40,3.09,ZA,1635013472
305,Mianyang,31.4593,104.7542,14.1,84,100,0.94,CN,1635013472
306,Mwense,-10.3845,28.698,27.66,47,69,1.4,ZM,1635013472
307,Makurdi,7.7411,8.5121,24.08,86,88,2.03,NG,1635013473
308,Porto Nacional,-10.7081,-48.4172,31.0,50,100,3.29,BR,1635013473
309,Harlingen,26.1906,-97.6961,29.89,70,75,4.12,US,1635013445
310,Kavaratti,10.5669,72.642,27.48,77,99,0.81,IN,1635013474
311,Otavi,-19.65,17.3333,25.99,15,2,4.11,NA,1635013474
312,Harindānga,22.0383,88.3214,26.99,71,27,1.65,IN,1635013474
313,Irauçuba,-3.7461,-39.7833,33.86,41,86,3.09,BR,1635013475
314,Les Cayes,18.2,-73.75,29.96,63,18,5.8,HT,1635013475
315,Boundiali,9.5217,-6.4869,25.49,79,100,1.27,CI,1635013475
316,Warmbad,-28.45,18.7333,15.31,41,27,3.21,NA,1635013475
317,Mariehamn,60.0973,19.9348,1.92,80,75,1.54,AX,1635013476
318,Saint-Paul,-21.0096,55.2707,22.86,96,46,2.17,RE,1635013476
319,Aklavik,68.2191,-135.0107,-2.0,86,75,3.09,CA,1635013476
320,Kahului,20.8947,-156.47,24.78,79,40,8.23,US,1635013362
321,Cherskiy,68.75,161.3,-17.86,99,99,0.94,RU,1635013477
322,Kirakira,-10.4544,161.9205,26.89,79,22,3.71,SB,1635013477
323,Huesca,42.1362,-0.4087,11.71,61,0,0.45,ES,1635013478
324,Yulara,-25.2406,130.9889,19.91,34,0,4.12,AU,1635013478
325,Narón,43.5167,-8.1528,15.09,79,100,2.99,ES,1635013478
326,Hasaki,35.7333,140.8333,4.22,50,0,4.36,JP,1635013476
327,Ubari,26.5921,12.7805,30.95,15,85,2.44,LY,1635013479
328,Carbonia,39.1672,8.5222,20.86,79,53,1.11,IT,1635013479
329,Darlawn,24.0167,92.9,17.66,82,65,0.99,IN,1635013479
330,Taoudenni,22.6783,-3.9836,31.48,17,0,1.7,ML,1635013480
331,Manggar,-2.8833,108.2667,26.42,79,69,0.38,ID,1635013480
332,Bestöbe,52.4994,73.0975,10.44,61,95,9.4,KZ,1635013480
333,Shingū,33.7333,135.9833,9.54,72,0,2.73,JP,1635013481
334,Babu,24.4167,111.5167,13.14,88,23,1.7,CN,1635013481
335,Black Forest,39.0131,-104.7008,15.83,19,40,0.45,US,1635013314
336,Agadez,19.75,10.25,29.53,14,2,4.12,NE,1635013482
337,Chenzhou,25.8,113.0333,12.07,92,54,0.6,CN,1635013482
338,Klamath Falls,42.2249,-121.7817,4.02,94,90,0.45,US,1635013482
339,Seredka,58.1584,28.1858,3.86,87,99,5.2,RU,1635013208
340,Rio Grande,-32.035,-52.0986,16.64,93,100,6.67,BR,1635013483
341,Dudinka,69.4058,86.1778,-6.34,96,99,3.17,RU,1635013483
342,Paraíso,9.8383,-83.8656,24.08,83,94,1.1,CR,1635013483
343,Verkhnyaya Sinyachikha,57.976,61.6673,6.39,71,25,4.51,RU,1635013484
344,High Prairie,55.4334,-116.4858,5.61,71,100,3.75,CA,1635013484
345,Kurumkan,54.3,110.3,0.27,73,51,1.3,RU,1635013484
346,Shakiso,5.75,38.9167,15.54,79,63,0.52,ET,1635013484
347,Miles City,46.4083,-105.8406,8.54,76,40,5.66,US,1635013485
348,Narasannapeta,18.4167,84.05,24.74,68,40,1.62,IN,1635013485
349,Walvis Bay,-22.9575,14.5053,16.53,72,0,7.2,NA,1635013485
350,Chaumont,48.1167,5.1333,6.32,83,38,2.85,FR,1635013486
351,Solnechnyy,50.7214,136.6319,0.74,84,2,1.94,RU,1635013486
352,Mar del Plata,-38.0023,-57.5575,17.64,64,75,2.24,AR,1635013445
353,Alyangula,-13.8483,136.4192,24.93,100,24,0.0,AU,1635013486
354,Douentza,14.9951,-2.9517,35.42,24,34,2.53,ML,1635013487
355,Mongoumba,3.6415,18.5936,22.25,97,64,2.14,CF,1635013487
356,Stephenville,32.2207,-98.2023,27.87,55,1,5.66,US,1635013487
357,Alakurtti,66.9672,30.3491,-7.43,93,100,1.76,RU,1635013488
358,Yangi Marg`ilon,40.4272,71.7189,5.4,60,1,3.09,UZ,1635013488
359,Lethem,3.3803,-59.7968,34.06,42,38,3.54,GY,1635013488
360,Port Hardy,50.6996,-127.4199,10.1,87,40,1.54,CA,1635013458
361,Mutare,-18.9707,32.6709,24.9,41,43,2.75,ZW,1635013489
362,Pangnirtung,66.1451,-65.7125,-1.0,93,90,1.54,CA,1635013489
363,Requena,39.4883,-1.1004,13.27,66,5,1.63,ES,1635013489
364,Bogorodskoye,56.55,37.8833,3.38,82,96,4.5,RU,1635013490
365,Houma,29.5958,-90.7195,28.28,70,40,5.66,US,1635013490
366,Palauig,15.435,119.9045,26.6,76,100,2.49,PH,1635013491
367,Rome,43.2128,-75.4557,10.61,65,90,4.12,US,1635013281
368,Vostok,46.4856,135.8833,-1.61,88,2,2.7,RU,1635013488
369,Mackenzie,55.2999,-123.1698,3.12,93,1,1.54,CA,1635013492
370,Konyshevka,51.8418,35.2941,5.84,69,27,4.96,RU,1635013492
371,Tonota,-21.4833,27.4833,30.59,21,11,3.52,BW,1635013492
372,Fortuna,40.5982,-124.1573,14.45,80,90,2.24,US,1635013449
373,Okhotsk,59.3833,143.3,-8.62,79,65,6.01,RU,1635013493
374,Tigre,-34.426,-58.5796,20.18,63,75,5.66,AR,1635013493
375,Puerto del Rosario,28.5004,-13.8627,22.86,64,75,7.72,ES,1635013493
376,Winneba,5.3511,-0.6231,27.26,85,95,4.11,GH,1635013494
377,Kodino,63.7198,39.6447,-2.31,95,88,2.0,RU,1635013494
378,Hope,33.6671,-93.5916,26.24,61,25,3.95,US,1635013361
379,Hot Springs,34.5037,-93.0552,24.94,62,1,1.34,US,1635013494
380,Channahon,41.4295,-88.2287,12.47,48,1,0.89,US,1635013495
381,Aljezur,37.3191,-8.8033,17.21,64,34,1.07,PT,1635013495
382,Storsteinnes,69.2408,19.2344,-4.14,71,92,2.91,NO,1635013495
383,Waingapu,-9.6567,120.2641,25.62,81,93,0.9,ID,1635013496
384,Novy Urengoy,66.0833,76.6333,-0.26,99,100,2.1,RU,1635013454
385,Chālūs,36.655,51.4204,13.7,94,0,2.06,IR,1635013496
386,Esperance,-33.8667,121.9,10.91,68,10,7.88,AU,1635013496
387,Ola,59.5833,151.2833,-4.42,71,98,5.25,RU,1635013497
388,Mpika,-11.8343,31.4529,22.64,35,6,1.79,ZM,1635013497
389,Samarai,-10.6167,150.6667,26.74,83,97,5.32,PG,1635013468
390,Gonbad-e Kāvūs,37.25,55.1672,14.53,40,0,2.38,IR,1635013497
391,Kupino,54.3663,77.2981,8.48,71,92,7.65,RU,1635013498
392,Ulladulla,-35.35,150.4667,14.59,86,96,4.53,AU,1635013498
393,East London,-33.0153,27.9116,17.52,55,0,8.23,ZA,1635013498
394,Cabo San Lucas,22.8909,-109.9124,29.68,65,40,3.6,MX,1635013499
395,Gaya,24.7833,85.0,21.95,88,0,0.0,IN,1635013499
396,Kloulklubed,7.0419,134.2556,24.28,73,100,0.78,PW,1635013499
397,Dhūri,30.3667,75.8667,22.06,60,21,3.37,IN,1635013500
398,Shamary,57.3434,58.2199,5.91,79,76,4.51,RU,1635013500
399,Biak,-0.9131,122.8766,24.42,79,98,1.58,ID,1635013500
400,Erenhot,43.6475,111.9767,6.55,36,17,2.77,CN,1635013501
401,Nefteyugansk,61.0998,72.6035,5.14,94,100,7.48,RU,1635013502
402,Dapdap,12.062,125.4881,26.81,83,98,2.11,PH,1635013502
403,Stornoway,58.2093,-6.3865,11.98,94,90,14.92,GB,1635013503
404,Gumdag,39.2061,54.5906,14.59,16,0,7.79,TM,1635013504
405,Bānsi,27.1833,82.9333,23.16,81,11,0.84,IN,1635013504
406,Baturaja,-4.1333,104.1667,23.4,98,97,0.63,ID,1635013505
407,Cangzhou,38.3167,116.8667,9.7,59,2,2.35,CN,1635013506
408,Hong Kong,22.2855,114.1577,19.96,78,95,0.89,HK,1635013439
409,Buchanan,5.8808,-10.0467,25.74,88,82,3.06,LR,1635013506
410,Koumac,-20.5667,164.2833,21.53,86,3,4.34,NC,1635013507
411,Casablanca,33.5928,-7.6192,19.29,72,0,4.92,MA,1635013410
412,Fukuechō,32.6881,128.8419,18.34,58,39,7.78,JP,1635013507
413,Prigorodnyy,51.7661,55.2665,10.09,81,0,3.0,RU,1635013507
414,Fairbanks,64.8378,-147.7164,-5.1,90,1,0.0,US,1635013501
415,Burgeo,47.6167,-57.6152,14.2,95,100,2.45,CA,1635013508
416,Sobolevo,54.4299,31.8996,5.6,67,100,7.09,RU,1635013509
417,Phan Thiet,10.9333,108.1,25.12,88,100,1.88,VN,1635013452
418,Menongue,-14.6585,17.691,22.9,49,37,2.35,AO,1635013509
419,Maţāy,28.419,30.7792,23.5,38,0,5.17,EG,1635013509
420,Seminole,28.7086,-81.2081,29.96,62,1,0.89,US,1635013510
421,Ottawa,45.4112,-75.6981,7.67,61,97,0.45,CA,1635012903
422,Takaka,-40.85,172.8,11.98,95,100,2.36,NZ,1635013510
423,Garissa,-0.4536,39.6401,30.49,41,11,7.32,KE,1635013510
424,Constantine,36.365,6.6147,17.67,77,40,5.66,DZ,1635013511
425,Qasigiannguit,68.8193,-51.1922,-6.86,95,100,3.45,GL,1635013494
426,Souillac,-20.5167,57.5167,23.21,83,40,4.63,MU,1635013511
427,Frankfort,-27.2667,28.4833,19.15,17,0,2.94,ZA,1635013512
428,Sarangani,5.4033,125.4636,28.15,75,100,4.58,PH,1635013512
429,Arrondissement de Morlaix,48.5833,-4.0,10.62,77,90,4.12,FR,1635013512
430,Otukpo,7.1913,8.1329,21.99,95,99,0.91,NG,1635013513
431,Gornyy,55.1153,83.9059,5.44,84,100,10.1,RU,1635013513
432,Zalţan,32.947,11.8665,25.57,46,90,3.47,LY,1635013513
433,Guaratinga,-16.5667,-39.5667,24.37,74,99,3.02,BR,1635013514
434,Puerto Madero,14.7208,-92.4215,31.11,74,40,4.12,MX,1635013514
435,Los Llanos de Aridane,28.6585,-17.9182,18.96,75,75,3.13,ES,1635013514
436,Ust-Tsilma,65.441,52.1498,-4.33,94,13,2.42,RU,1635013515
437,Pisco,-13.7,-76.2167,20.03,64,0,3.6,PE,1635013515
438,Hohhot,40.8106,111.6522,3.16,60,0,2.0,CN,1635013409
439,Kalispell,48.1958,-114.3129,9.32,61,90,4.92,US,1635013472
440,Seydi,39.4816,62.9137,10.8,33,0,4.63,TM,1635013516
441,Zavitinsk,50.1167,129.45,2.12,84,1,1.44,RU,1635013516
442,Kamennomostskiy,44.2983,40.1856,10.77,61,45,2.22,RU,1635013516
443,Avera,33.194,-82.5271,23.02,40,0,2.07,US,1635013454
444,Broken Hill,-31.95,141.4333,10.84,62,0,6.69,AU,1635013517
445,Zwönitz,50.6333,12.8,3.76,89,100,1.62,DE,1635013517
446,Grindavik,63.8424,-22.4338,8.26,100,90,5.66,IS,1635013517
447,Marawi,7.9986,124.2928,19.8,92,100,2.02,PH,1635013518
448,Mauá,-23.6678,-46.4614,29.27,32,2,4.33,BR,1635013518
449,Chapleau,47.8405,-83.4034,6.05,65,75,3.09,CA,1635013518
450,Codrington,-38.2667,141.9667,9.1,82,29,6.07,AU,1635013519
451,Tadine,-21.55,167.8833,21.87,87,5,4.46,NC,1635013519
452,Seoni Mālwa,22.45,77.4667,20.4,66,2,2.21,IN,1635013519
453,Schöningen,52.138,10.9675,7.72,80,100,2.1,DE,1635013520
454,Atar,20.5169,-13.0499,32.39,10,3,2.29,MR,1635013520
455,Chapais,49.7834,-74.8492,1.88,59,99,1.9,CA,1635013520
456,Tiznit Province,29.5833,-9.5,19.55,66,0,2.34,MA,1635013520
457,Homer,59.6425,-151.5483,3.93,94,90,1.54,US,1635013521
458,Langxiang,46.95,128.8833,0.95,70,0,1.69,CN,1635013521
459,Prince Rupert,54.3161,-130.3201,7.83,81,100,10.29,CA,1635013522
460,Camacupa,-12.0167,17.4833,18.42,94,71,4.12,AO,1635013522
461,Simao,22.7886,100.9748,15.31,98,100,0.66,CN,1635013522
462,Klaksvík,62.2266,-6.589,10.51,95,100,11.63,FO,1635013523
463,Pittsburg,38.028,-121.8847,17.08,65,90,1.34,US,1635013523
464,Dingzhou,38.5131,114.9956,6.06,64,6,1.23,CN,1635013523
465,Vágur,61.4732,-6.8119,10.35,96,100,11.32,FO,1635013524
466,Montabaur,50.4333,7.8333,5.02,83,81,1.37,DE,1635013524
467,Kaitangata,-46.2817,169.8464,9.71,91,100,1.8,NZ,1635013345
468,Illapel,-31.6308,-71.1653,22.94,31,4,3.81,CL,1635013524
469,Santa Isabel Rio Negro,-0.4139,-65.0192,32.69,55,31,0.89,BR,1635013525
470,Anadyr,64.75,177.4833,-18.72,84,40,4.0,RU,1635013525
471,Prieska,-29.6641,22.7474,13.02,54,81,1.84,ZA,1635013525
472,Formiga,-20.4644,-45.4264,29.8,34,5,3.13,BR,1635013526
473,Las Choapas,17.9333,-94.0833,30.03,81,100,2.97,MX,1635013526
474,Aripuanã,-9.1667,-60.6333,35.87,34,66,2.1,BR,1635013526
475,Ratnagiri,16.9833,73.3,25.8,78,8,3.13,IN,1635013288
476,Talgar,43.3027,77.2395,-1.91,93,2,1.0,KZ,1635013527
477,Bugojno,44.0572,17.4508,4.8,96,58,1.28,BA,1635013527
478,Srednekolymsk,67.45,153.6833,-25.44,99,66,1.83,RU,1635013527
479,Mathbaria,22.2876,89.9593,22.8,76,29,1.06,BD,1635013528
480,Yārāda,17.65,83.2667,28.18,89,75,1.03,IN,1635013528
481,Nador,35.174,-2.9287,19.14,77,40,3.09,MA,1635013528
482,Katangli,51.7102,143.2326,0.29,91,12,5.68,RU,1635013529
483,Bolpur,23.6667,87.7167,22.81,72,1,2.31,IN,1635013529
484,Portland,45.5234,-122.6762,10.88,94,90,0.89,US,1635013167
485,Half Moon Bay,37.4636,-122.4286,16.55,74,1,4.63,US,1635013450
486,Nome,64.5011,-165.4064,-1.96,74,1,3.09,US,1635013530
487,Lata,40.1629,-8.3327,17.48,52,99,1.33,PT,1635013530
488,Berbera,10.4396,45.0143,29.72,53,5,2.8,SO,1635013530
489,Adrar,20.5022,-10.0711,28.13,18,50,0.4,MR,1635013531
490,Alta Floresta,-9.8756,-56.0861,31.9,55,0,2.06,BR,1635013531
491,Kamaishi,39.2667,141.8833,7.3,71,2,2.49,JP,1635013531
492,Karachev,53.1229,34.9852,2.94,60,33,6.23,RU,1635013532
493,Soure,-0.7167,-48.5233,29.05,69,100,3.83,BR,1635013532
494,Mehamn,71.0357,27.8492,1.92,59,100,8.31,NO,1635013532
495,Riachão,-7.3619,-46.6172,28.46,61,100,1.68,BR,1635013533
496,Maunabo,18.0072,-65.8993,30.19,76,78,5.5,PR,1635013533
497,Klyuchi,52.2667,79.1667,8.57,54,76,8.59,RU,1635013533
498,Beba,22.4437,-79.7253,31.15,65,91,2.65,CU,1635013534
499,Matamoros,25.5333,-103.25,27.84,37,1,2.57,MX,1635013514
500,Kuytun,54.3419,101.5036,0.05,86,100,1.64,RU,1635013534
501,Gornozavodsk,58.3758,58.3211,4.32,87,62,4.26,RU,1635013534
502,Ulaanbaatar,47.9077,106.8832,-8.93,73,0,1.0,MN,1635013535
503,Grand-Lahou,5.1367,-5.0242,25.6,87,75,3.23,CI,1635013535
504,Umiray,15.2206,121.4111,25.35,94,100,5.08,PH,1635013535
505,Meulaboh,4.1363,96.1285,25.3,88,96,2.25,ID,1635013536
506,West Bay,19.3667,-81.4167,31.6,70,20,2.24,KY,1635013536
507,Sibu,2.3,111.8167,24.17,100,40,1.03,MY,1635013536
508,Rawson,-43.3002,-65.1023,15.05,26,3,2.37,AR,1635013536
509,Egvekinot,66.3167,-179.1667,-12.84,81,100,3.51,RU,1635013537
510,Mahajanga,-15.7167,46.3167,26.01,83,20,3.6,MG,1635013537
511,Ulkan,57.243,107.3223,0.21,95,100,2.5,RU,1635013537
512,Taunggyi,20.7833,97.0333,16.24,97,89,0.8,MM,1635013538
513,Natá,8.3333,-80.5167,28.93,72,94,2.13,PA,1635013538
514,Kaohsiung City,22.6163,120.3133,24.77,82,75,0.89,TW,1635013538
515,Eenhana,-17.4667,16.3333,28.86,17,32,3.61,NA,1635013539
516,Gizo Government Station,-8.103,156.8419,27.94,77,19,5.19,SB,1635013539
517,Port Moresby,-9.4431,147.1797,23.68,100,40,1.54,PG,1635013516
518,Stanišić,45.94,19.1653,9.92,62,98,2.36,RS,1635013540
519,Zheleznodorozhnyy,55.7503,38.0042,5.19,73,29,4.43,RU,1635013540
520,Rørvik,64.8621,11.2373,7.37,63,100,2.0,NO,1635013348
521,Panguna,-6.3164,155.4848,18.74,93,21,0.87,PG,1635013540
522,Kwinana,-32.25,115.7667,13.38,74,18,2.95,AU,1635013541
523,Moshupa,-24.7782,25.4155,27.23,15,0,6.63,BW,1635013541
524,Codajás,-3.8367,-62.0569,34.3,44,92,0.83,BR,1635013541
525,Turbat,26.0023,63.044,25.18,8,0,2.86,PK,1635013542
526,Tessaoua,13.7574,7.9874,33.3,28,50,2.53,NE,1635013542
527,Mercedes,-34.6515,-59.4307,22.22,40,48,7.37,AR,1635013542
528,Nanortalik,60.1432,-45.2371,2.37,73,35,2.1,GL,1635013543
529,Carahue,-38.7,-73.1667,12.11,69,100,1.61,CL,1635013543
530,Ullapool,57.8987,-5.1604,12.96,84,100,4.59,GB,1635013543
531,Batagay-Alyta,67.8006,130.4114,-17.2,97,100,0.59,RU,1635013544
532,Camacha,33.0833,-16.3333,19.67,64,40,5.14,PT,1635013544
533,Yurla,59.3259,54.3223,4.02,83,46,4.19,RU,1635013544
534,Lufilufi,-13.8745,-171.5986,24.88,69,100,7.72,WS,1635013545
535,Tabriz,38.08,46.2919,11.7,47,20,2.06,IR,1635013545
536,Mahabalipuram,12.6264,80.1722,29.03,78,97,3.03,IN,1635013545
537,Sergeevka,53.88,67.4158,9.2,75,49,6.82,KZ,1635013546
538,Naze,28.3667,129.4833,19.88,76,91,7.83,JP,1635013484
539,Pochutla,15.7432,-96.4661,25.9,61,97,2.44,MX,1635013546
540,Wawa,9.9022,4.4192,24.79,75,79,2.81,NG,1635013546
541,Mmathubudukwane,-24.6,26.4333,28.48,9,0,6.69,BW,1635013547
542,Guiyang,26.5833,106.7167,10.27,81,90,2.0,CN,1635013547
543,Yarmouth,41.7057,-70.2286,15.07,77,40,4.02,US,1635013547
544,Rocha,-34.4833,-54.3333,18.94,63,100,1.51,UY,1635013547
545,Anaconda,46.1285,-112.9423,7.56,52,100,2.84,US,1635013548
546,Novyy Urgal,51.0736,132.5642,-2.57,95,6,0.18,RU,1635013548
547,Milledgeville,33.0801,-83.2321,22.92,60,0,1.5,US,1635013548
548,Katobu,-4.9408,122.5276,24.15,91,91,1.05,ID,1635013549
549,Suining,30.508,105.5733,15.24,80,75,2.01,CN,1635013523
550,Faya,18.3851,42.4509,17.29,27,6,3.23,SA,1635013549
551,Taltal,-25.4,-70.4833,16.36,68,5,4.04,CL,1635013549
552,Verāval,20.9,70.3667,26.08,65,2,3.96,IN,1635013550
553,Seymchan,62.8833,152.4333,-17.32,83,94,1.65,RU,1635013550
554,Balyqshy,47.0667,51.8667,7.0,76,0,4.0,KZ,1635013551
555,Lewiston,44.1003,-70.2148,10.57,65,1,3.09,US,1635013551
556,Bontang,0.1333,117.5,24.77,92,100,2.03,ID,1635013552
557,Sumbe,-11.2061,13.8437,24.51,76,94,2.5,AO,1635013552
558,Lakes Entrance,-37.8811,147.981,11.2,64,80,7.85,AU,1635013552
559,Kailua,21.4022,-157.7394,25.57,69,20,3.6,US,1635013453
560,Qaqortoq,60.7167,-46.0333,3.28,70,73,2.73,GL,1635013371
561,Belmonte,-15.8631,-38.8828,26.0,91,100,4.56,BR,1635013553
562,Salekhard,66.53,66.6019,-1.39,82,88,6.66,RU,1635013553
563,Dalby,-27.1833,151.2667,19.99,42,86,1.44,AU,1635013553
564,Sinegor'ye,62.0788,150.477,-18.54,99,98,0.18,RU,1635013554
565,Ilo,-17.6394,-71.3375,18.48,68,0,5.14,PE,1635013554
566,Sola,-13.8833,167.55,27.37,83,75,0.0,VU,1635013554
567,Chitral,35.8462,71.7858,9.83,35,0,2.39,PK,1635013555
568,Beohāri,24.05,81.3833,20.34,60,0,1.06,IN,1635013555
569,Mbandaka,0.0487,18.2603,23.59,91,76,1.21,CD,1635013555
570,Dubti,11.7361,41.0853,34.0,25,65,5.14,ET,1635013556
571,Gulu,2.7746,32.299,19.76,89,89,0.4,UG,1635013556
572,Swellendam,-34.0226,20.4417,14.45,69,65,2.92,ZA,1635013556
